days,healthy pop,cd4 depl
0,0,0
0.166166166,3.16E-16,2.78E-16
0.332332332,3.98E-14,4.38E-14
0.498498498,2.93E-11,2.76E-11
0.664664665,1.29E-10,1.16E-10
0.830830831,3.02E-10,2.67E-10
0.996996997,6.80E-10,7.18E-10
1.163163163,1.39E-09,1.35E-09
1.329329329,2.60E-09,2.39E-09
1.495495495,4.44E-09,3.74E-09
1.661661662,7.12E-09,5.75E-09
1.827827828,1.09E-08,8.31E-09
1.993993994,1.61E-08,1.15E-08
2.16016016,2.29E-08,1.56E-08
2.326326326,3.18E-08,2.05E-08
2.492492492,4.34E-08,2.64E-08
2.658658659,5.83E-08,3.33E-08
2.824824825,7.75E-08,4.16E-08
2.990990991,1.02E-07,5.12E-08
3.157157157,1.34E-07,6.25E-08
3.323323323,1.76E-07,7.57E-08
3.489489489,2.30E-07,9.13E-08
3.655655656,3.00E-07,1.10E-07
3.821821822,3.93E-07,1.32E-07
3.987987988,5.15E-07,1.59E-07
4.154154154,6.75E-07,1.90E-07
4.32032032,8.86E-07,2.29E-07
4.486486486,1.16E-06,2.75E-07
4.652652653,1.53E-06,3.32E-07
4.818818819,2.02E-06,4.00E-07
4.984984985,2.66E-06,4.82E-07
5.151151151,3.51E-06,5.82E-07
5.317317317,4.63E-06,7.03E-07
5.483483483,6.10E-06,8.50E-07
5.64964965,8.05E-06,1.03E-06
5.815815816,1.06E-05,1.24E-06
5.981981982,1.40E-05,1.51E-06
6.148148148,1.85E-05,1.82E-06
6.314314314,2.43E-05,2.21E-06
6.48048048,3.19E-05,2.68E-06
6.646646647,4.19E-05,3.25E-06
6.812812813,5.48E-05,3.94E-06
6.978978979,7.14E-05,4.78E-06
7.145145145,9.27E-05,5.80E-06
7.311311311,0.000119854,7.03E-06
7.477477477,0.000153892,8.53E-06
7.643643644,0.000196166,1.03E-05
7.80980981,0.000247946,1.26E-05
7.975975976,0.00031039,1.52E-05
8.142142142,0.000384425,1.85E-05
8.308308308,0.000470611,2.24E-05
8.474474474,0.000569034,2.72E-05
8.640640641,0.000679243,3.30E-05
8.806806807,0.000800229,4.01E-05
8.972972973,0.000930454,4.86E-05
9.139139139,0.001067938,5.90E-05
9.305305305,0.001210402,7.16E-05
9.471471471,0.001355355,8.69E-05
9.637637638,0.001500284,0.000105386
9.803803804,0.001642791,0.000127836
9.96996997,0.001780589,0.000155056
10.13613614,0.001911834,0.000188043
10.3023023,0.002034841,0.00022801
10.46846847,0.002148308,0.000276419
10.63463463,0.002251304,0.000335025
10.8008008,0.002343138,0.000405939
10.96696697,0.002423459,0.00049169
11.13313313,0.002492101,0.000595299
11.2992993,0.002549116,0.000720367
11.46546547,0.0025948,0.000871167
11.63163163,0.002629612,0.00105276
11.7977978,0.002654127,0.001271071
11.96396396,0.002669002,0.001533014
12.13013013,0.002674876,0.001846595
12.2962963,0.002672468,0.002220984
12.46246246,0.002662496,0.002666556
12.62862863,0.002645675,0.003194902
12.79479479,0.00262274,0.00381817
12.96096096,0.002594359,0.00454963
13.12712713,0.002561205,0.005403241
13.29329329,0.002523884,0.006392548
13.45945946,0.002482966,0.007530257
13.62562563,0.002439014,0.008827245
13.79179179,0.002392468,0.010291478
13.95795796,0.002343806,0.011926957
14.12412412,0.002293415,0.013732538
14.29029029,0.00224166,0.01570098
14.45645646,0.002188875,0.017818446
14.62262262,0.002135346,0.020064102
14.78878879,0.002081332,0.02241051
14.95495495,0.002027081,0.024824724
15.12112112,0.001972783,0.027269939
15.28728729,0.001918626,0.029705648
15.45345345,0.001864809,0.032090752
15.61961962,0.001811416,0.034385613
15.78578579,0.001758615,0.036554568
15.95195195,0.00170649,0.038565038
16.11811812,0.001655144,0.040391803
16.28428428,0.001604656,0.042014466
16.45045045,0.001555082,0.043418142
16.61661662,0.001506489,0.044593722
16.78278278,0.001458901,0.045538208
16.94894895,0.001412361,0.046254198
17.11511512,0.001366853,0.046749593
17.28128128,0.00132245,0.047033611
17.44744745,0.00127919,0.047119871
17.61361361,0.001237021,0.047022565
17.77977978,0.001195956,0.046757967
17.94594595,0.001156035,0.046343512
18.11211211,0.001117262,0.045795929
18.27827828,0.001079549,0.045131999
18.44444444,0.00104294,0.044367536
18.61061061,0.001007434,0.04351777
18.77677678,0.000972993,0.042597075
18.94294294,0.000939581,0.041617753
19.10910911,0.000907204,0.040592823
19.27527528,0.000875847,0.039531803
19.44144144,0.000845467,0.038445415
19.60760761,0.00081605,0.037341471
19.77377377,0.000787576,0.036227231
19.93993994,0.000760019,0.03510981
20.10610611,0.000733357,0.033994816
20.27227227,0.000707568,0.032887111
20.43843844,0.00068263,0.031791207
20.6046046,0.000658521,0.030710087
20.77077077,0.000635218,0.029647298
20.93693694,0.0006127,0.028604518
21.1031031,0.000590945,0.02758441
21.26926927,0.00056993,0.026587795
21.43543544,0.000549635,0.025616719
21.6016016,0.000530037,0.024671425
21.76776777,0.000511115,0.023752631
21.93393393,0.00049285,0.022860969
22.1001001,0.000475219,0.02199638
22.26626627,0.000458201,0.021158937
22.43243243,0.00044178,0.02034865
22.5985986,0.000425936,0.019565102
22.76476476,0.000410649,0.018808049
22.93093093,0.000395897,0.018077044
23.0970971,0.000381671,0.017371769
23.26326326,0.000367949,0.01669161
23.42942943,0.000354712,0.016036115
23.5955956,0.000341943,0.015404595
23.76176176,0.000329634,0.014796476
23.92792793,0.000317763,0.01421106
24.09409409,0.000306314,0.01364775
24.26026026,0.000295274,0.013105834
24.42642643,0.000284632,0.012584681
24.59259259,0.000274371,0.012083615
24.75875876,0.000264475,0.011601976
24.92492492,0.000254935,0.011139117
25.09109109,0.00024574,0.010694388
25.25725726,0.000236874,0.010267149
25.42342342,0.000228324,0.009856791
25.58958959,0.000220087,0.009462677
25.75575576,0.000212146,0.009084249
25.92192192,0.00020449,0.008720877
26.08808809,0.000197112,0.008372039
26.25425425,0.000190002,0.008037156
26.42042042,0.000183149,0.007715699
26.58658659,0.000176543,0.007407172
26.75275275,0.000170179,0.007111038
26.91891892,0.000164046,0.006826871
27.08508509,0.000158134,0.006554145
27.25125125,0.000152437,0.00629247
27.41741742,0.000146948,0.006041373
27.58358358,0.000141657,0.00580045
27.74974975,0.000136557,0.00556931
27.91591592,0.000131644,0.005347512
28.08208208,0.000126908,0.005134729
28.24824825,0.000122343,0.004930563
28.41441441,0.000117945,0.004734701
28.58058058,0.000113707,0.004546778
28.74674675,0.000109621,0.004366502
28.91291291,0.000105685,0.004193537
29.07907908,0.000101891,0.004027614
29.24524525,9.82E-05,0.00386842
29.41141141,9.47E-05,0.003715707
29.57757758,9.13E-05,0.00356919
29.74374374,8.80E-05,0.003428667
29.90990991,8.49E-05,0.003293844
30.07607608,8.19E-05,0.003164454
30.24224224,7.89E-05,0.003040367
30.40840841,7.61E-05,0.002921303
30.57457457,7.34E-05,0.002807022
30.74074074,7.08E-05,0.002697394
30.90690691,6.82E-05,0.002592216
31.07307307,6.58E-05,0.002491258
31.23923924,6.35E-05,0.002394381
31.40540541,6.12E-05,0.002301444
31.57157157,5.90E-05,0.002212235
31.73773774,5.69E-05,0.002126609
31.9039039,5.49E-05,0.002044467
32.07007007,5.29E-05,0.001965616
32.23623624,5.11E-05,0.001889913
32.4024024,4.92E-05,0.00181729
32.56856857,4.75E-05,0.001747571
32.73473473,4.58E-05,0.00168062
32.9009009,4.42E-05,0.001616379
33.06706707,4.26E-05,0.00155471
33.23323323,4.11E-05,0.001495484
33.3993994,3.97E-05,0.001438626
33.56556557,3.83E-05,0.00138405
33.73173173,3.69E-05,0.001331634
33.8978979,3.56E-05,0.00128129
34.06406406,3.43E-05,0.001232968
34.23023023,3.31E-05,0.001186554
34.3963964,3.20E-05,0.001141957
34.56256256,3.08E-05,0.00109915
34.72872873,2.98E-05,0.001058027
34.89489489,2.87E-05,0.001018509
35.06106106,2.77E-05,0.000980557
35.22722723,2.67E-05,0.000944102
35.39339339,2.58E-05,0.000909068
35.55955956,2.49E-05,0.000875405
35.72572573,2.40E-05,0.000843073
35.89189189,2.32E-05,0.000811999
36.05805806,2.24E-05,0.000782126
36.22422422,2.16E-05,0.000753436
36.39039039,2.08E-05,0.000725858
36.55655656,2.01E-05,0.000699342
36.72272272,1.94E-05,0.00067386
36.88888889,1.87E-05,0.000649369
37.05505506,1.81E-05,0.000625817
37.22122122,1.74E-05,0.00060317
37.38738739,1.68E-05,0.000581404
37.55355355,1.63E-05,0.000560471
37.71971972,1.57E-05,0.00054033
37.88588589,1.51E-05,0.000520973
38.05205205,1.46E-05,0.000502354
38.21821822,1.41E-05,0.000484439
38.38438438,1.36E-05,0.000467208
38.55055055,1.31E-05,0.000450637
38.71671672,1.27E-05,0.000434691
38.88288288,1.23E-05,0.000419343
39.04904905,1.18E-05,0.000404581
39.21521522,1.14E-05,0.000390372
39.38138138,1.10E-05,0.000376698
39.54754755,1.06E-05,0.000363539
39.71371371,1.03E-05,0.000350872
39.87987988,9.93E-06,0.000338679
40.04604605,9.58E-06,0.000326943
40.21221221,9.25E-06,0.000315641
40.37837838,8.94E-06,0.000304762
40.54454454,8.63E-06,0.000294287
40.71071071,8.33E-06,0.000284198
40.87687688,8.05E-06,0.000274484
41.04304304,7.77E-06,0.000265128
41.20920921,7.51E-06,0.000256115
41.37537538,7.25E-06,0.000247436
41.54154154,7.00E-06,0.000239074
41.70770771,6.76E-06,0.000231015
41.87387387,6.53E-06,0.000223253
42.04004004,6.31E-06,0.000215773
42.20620621,6.10E-06,0.000208561
42.37237237,5.89E-06,0.000201613
42.53853854,5.69E-06,0.000194915
42.7047047,5.50E-06,0.000188457
42.87087087,5.31E-06,0.000182232
43.03703704,5.13E-06,0.000176231
43.2032032,4.96E-06,0.000170444
43.36936937,4.79E-06,0.000164863
43.53553554,4.63E-06,0.000159483
43.7017017,4.47E-06,0.000154292
43.86786787,4.32E-06,0.000149286
44.03403403,4.17E-06,0.000144458
44.2002002,4.03E-06,0.0001398
44.36636637,3.90E-06,0.000135305
44.53253253,3.77E-06,0.000130969
44.6986987,3.64E-06,0.000126784
44.86486486,3.52E-06,0.000122745
45.03103103,3.40E-06,0.000118848
45.1971972,3.28E-06,0.000115086
45.36336336,3.17E-06,0.000111454
45.52952953,3.07E-06,0.000107948
45.6956957,2.96E-06,0.000104563
45.86186186,2.86E-06,0.000101294
46.02802803,2.77E-06,9.81E-05
46.19419419,2.68E-06,9.51E-05
46.36036036,2.59E-06,9.21E-05
46.52652653,2.50E-06,8.93E-05
46.69269269,2.41E-06,8.66E-05
46.85885886,2.33E-06,8.39E-05
47.02502503,2.26E-06,8.13E-05
47.19119119,2.18E-06,7.89E-05
47.35735736,2.11E-06,7.65E-05
47.52352352,2.04E-06,7.42E-05
47.68968969,1.97E-06,7.19E-05
47.85585586,1.90E-06,6.98E-05
48.02202202,1.84E-06,6.77E-05
48.18818819,1.78E-06,6.56E-05
48.35435435,1.72E-06,6.37E-05
48.52052052,1.66E-06,6.18E-05
48.68668669,1.61E-06,6.00E-05
48.85285285,1.55E-06,5.82E-05
49.01901902,1.50E-06,5.65E-05
49.18518519,1.45E-06,5.48E-05
49.35135135,1.41E-06,5.32E-05
49.51751752,1.36E-06,5.17E-05
49.68368368,1.32E-06,5.02E-05
49.84984985,1.27E-06,4.88E-05
50.01601602,1.23E-06,4.73E-05
50.18218218,1.19E-06,4.60E-05
50.34834835,1.15E-06,4.47E-05
50.51451451,1.11E-06,4.34E-05
50.68068068,1.08E-06,4.22E-05
50.84684685,1.04E-06,4.10E-05
51.01301301,1.01E-06,3.98E-05
51.17917918,9.77E-07,3.87E-05
51.34534535,9.45E-07,3.76E-05
51.51151151,9.15E-07,3.66E-05
51.67767768,8.86E-07,3.56E-05
51.84384384,8.57E-07,3.46E-05
52.01001001,8.30E-07,3.36E-05
52.17617618,8.03E-07,3.27E-05
52.34234234,7.78E-07,3.18E-05
52.50850851,7.53E-07,3.09E-05
52.67467467,7.29E-07,3.01E-05
52.84084084,7.05E-07,2.93E-05
53.00700701,6.83E-07,2.85E-05
53.17317317,6.61E-07,2.77E-05
53.33933934,6.40E-07,2.70E-05
53.50550551,6.19E-07,2.63E-05
53.67167167,6.00E-07,2.56E-05
53.83783784,5.80E-07,2.49E-05
54.004004,5.62E-07,2.42E-05
54.17017017,5.44E-07,2.36E-05
54.33633634,5.26E-07,2.30E-05
54.5025025,5.09E-07,2.24E-05
54.66866867,4.93E-07,2.18E-05
54.83483483,4.77E-07,2.12E-05
55.001001,4.62E-07,2.07E-05
55.16716717,4.47E-07,2.01E-05
55.33333333,4.33E-07,1.96E-05
55.4994995,4.19E-07,1.91E-05
55.66566567,4.05E-07,1.86E-05
55.83183183,3.92E-07,1.82E-05
55.997998,3.79E-07,1.77E-05
56.16416416,3.67E-07,1.73E-05
56.33033033,3.55E-07,1.68E-05
56.4964965,3.43E-07,1.64E-05
56.66266266,3.32E-07,1.60E-05
56.82882883,3.21E-07,1.56E-05
56.99499499,3.10E-07,1.52E-05
57.16116116,3.00E-07,1.48E-05
57.32732733,2.91E-07,1.45E-05
57.49349349,2.81E-07,1.41E-05
57.65965966,2.72E-07,1.38E-05
57.82582583,2.64E-07,1.35E-05
57.99199199,2.56E-07,1.31E-05
58.15815816,2.47E-07,1.28E-05
58.32432432,2.39E-07,1.25E-05
58.49049049,2.31E-07,1.22E-05
58.65665666,2.24E-07,1.19E-05
58.82282282,2.17E-07,1.16E-05
58.98898899,2.10E-07,1.14E-05
59.15515516,2.03E-07,1.11E-05
59.32132132,1.97E-07,1.08E-05
59.48748749,1.90E-07,1.06E-05
59.65365365,1.84E-07,1.03E-05
59.81981982,1.79E-07,1.01E-05
59.98598599,1.73E-07,9.87E-06
60.15215215,1.68E-07,9.65E-06
60.31831832,1.63E-07,9.43E-06
60.48448448,1.59E-07,9.21E-06
60.65065065,1.54E-07,9.01E-06
60.81681682,1.49E-07,8.80E-06
60.98298298,1.45E-07,8.61E-06
61.14914915,1.40E-07,8.41E-06
61.31531532,1.36E-07,8.23E-06
61.48148148,1.32E-07,8.05E-06
61.64764765,1.28E-07,7.87E-06
61.81381381,1.24E-07,7.70E-06
61.97997998,1.20E-07,7.53E-06
62.14614615,1.17E-07,7.36E-06
62.31231231,1.13E-07,7.20E-06
62.47847848,1.10E-07,7.05E-06
62.64464464,1.07E-07,6.90E-06
62.81081081,1.04E-07,6.75E-06
62.97697698,1.01E-07,6.61E-06
63.14314314,9.78E-08,6.46E-06
63.30930931,9.50E-08,6.33E-06
63.47547548,9.22E-08,6.19E-06
63.64164164,8.95E-08,6.06E-06
63.80780781,8.69E-08,5.94E-06
63.97397397,8.43E-08,5.81E-06
64.14014014,8.18E-08,5.69E-06
64.30630631,7.94E-08,5.58E-06
64.47247247,7.70E-08,5.46E-06
64.63863864,7.47E-08,5.35E-06
64.8048048,7.24E-08,5.24E-06
64.97097097,7.02E-08,5.13E-06
65.13713714,6.80E-08,5.03E-06
65.3033033,6.59E-08,4.93E-06
65.46946947,6.39E-08,4.83E-06
65.63563564,6.19E-08,4.73E-06
65.8018018,6.00E-08,4.64E-06
65.96796797,5.81E-08,4.55E-06
66.13413413,5.63E-08,4.46E-06
66.3003003,5.45E-08,4.37E-06
66.46646647,5.28E-08,4.28E-06
66.63263263,5.11E-08,4.20E-06
66.7987988,4.95E-08,4.12E-06
66.96496496,4.80E-08,4.04E-06
67.13113113,4.65E-08,3.96E-06
67.2972973,4.50E-08,3.88E-06
67.46346346,4.37E-08,3.81E-06
67.62962963,4.23E-08,3.74E-06
67.7957958,4.11E-08,3.67E-06
67.96196196,3.98E-08,3.60E-06
68.12812813,3.85E-08,3.53E-06
68.29429429,3.73E-08,3.46E-06
68.46046046,3.61E-08,3.40E-06
68.62662663,3.50E-08,3.34E-06
68.79279279,3.39E-08,3.28E-06
68.95895896,3.28E-08,3.22E-06
69.12512513,3.18E-08,3.16E-06
69.29129129,3.08E-08,3.10E-06
69.45745746,2.99E-08,3.04E-06
69.62362362,2.90E-08,2.99E-06
69.78978979,2.82E-08,2.93E-06
69.95595596,2.74E-08,2.88E-06
70.12212212,2.66E-08,2.83E-06
70.28828829,2.59E-08,2.78E-06
70.45445445,2.52E-08,2.73E-06
70.62062062,2.45E-08,2.69E-06
70.78678679,2.38E-08,2.64E-06
70.95295295,2.31E-08,2.59E-06
71.11911912,2.25E-08,2.55E-06
71.28528529,2.19E-08,2.50E-06
71.45145145,2.13E-08,2.46E-06
71.61761762,2.07E-08,2.42E-06
71.78378378,2.02E-08,2.38E-06
71.94994995,1.96E-08,2.34E-06
72.11611612,1.91E-08,2.30E-06
72.28228228,1.86E-08,2.26E-06
72.44844845,1.81E-08,2.22E-06
72.61461461,1.77E-08,2.19E-06
72.78078078,1.72E-08,2.15E-06
72.94694695,1.68E-08,2.12E-06
73.11311311,1.64E-08,2.08E-06
73.27927928,1.60E-08,2.05E-06
73.44544545,1.56E-08,2.01E-06
73.61161161,1.52E-08,1.98E-06
73.77777778,1.48E-08,1.95E-06
73.94394394,1.44E-08,1.92E-06
74.11011011,1.41E-08,1.89E-06
74.27627628,1.37E-08,1.86E-06
74.44244244,1.34E-08,1.83E-06
74.60860861,1.30E-08,1.80E-06
74.77477477,1.27E-08,1.77E-06
74.94094094,1.23E-08,1.75E-06
75.10710711,1.21E-08,1.72E-06
75.27327327,1.18E-08,1.69E-06
75.43943944,1.16E-08,1.67E-06
75.60560561,1.13E-08,1.64E-06
75.77177177,1.11E-08,1.62E-06
75.93793794,1.09E-08,1.59E-06
76.1041041,1.07E-08,1.57E-06
76.27027027,1.04E-08,1.54E-06
76.43643644,1.02E-08,1.52E-06
76.6026026,1.00E-08,1.50E-06
76.76876877,9.82E-09,1.48E-06
76.93493493,9.62E-09,1.46E-06
77.1011011,9.41E-09,1.43E-06
77.26726727,9.21E-09,1.41E-06
77.43343343,9.01E-09,1.39E-06
77.5995996,8.81E-09,1.37E-06
77.76576577,8.60E-09,1.35E-06
77.93193193,8.39E-09,1.33E-06
78.0980981,8.18E-09,1.32E-06
78.26426426,7.97E-09,1.30E-06
78.43043043,7.75E-09,1.28E-06
78.5965966,7.53E-09,1.26E-06
78.76276276,7.30E-09,1.24E-06
78.92892893,7.06E-09,1.23E-06
79.0950951,6.82E-09,1.21E-06
79.26126126,6.57E-09,1.19E-06
79.42742743,6.31E-09,1.18E-06
79.59359359,6.10E-09,1.16E-06
79.75975976,5.96E-09,1.15E-06
79.92592593,5.81E-09,1.13E-06
80.09209209,5.67E-09,1.11E-06
80.25825826,5.53E-09,1.10E-06
80.42442442,5.39E-09,1.09E-06
80.59059059,5.26E-09,1.07E-06
80.75675676,5.12E-09,1.06E-06
80.92292292,4.99E-09,1.04E-06
81.08908909,4.86E-09,1.03E-06
81.25525526,4.73E-09,1.02E-06
81.42142142,4.60E-09,1.00E-06
81.58758759,4.48E-09,9.91E-07
81.75375375,4.35E-09,9.78E-07
81.91991992,4.22E-09,9.66E-07
82.08608609,4.10E-09,9.54E-07
82.25225225,3.97E-09,9.42E-07
82.41841842,3.84E-09,9.30E-07
82.58458458,3.71E-09,9.19E-07
82.75075075,3.58E-09,9.07E-07
82.91691692,3.45E-09,8.96E-07
83.08308308,3.32E-09,8.85E-07
83.24924925,3.19E-09,8.74E-07
83.41541542,3.05E-09,8.64E-07
83.58158158,2.91E-09,8.53E-07
83.74774775,2.77E-09,8.43E-07
83.91391391,2.63E-09,8.33E-07
84.08008008,2.49E-09,8.24E-07
84.24624625,2.39E-09,8.14E-07
84.41241241,2.29E-09,8.05E-07
84.57857858,2.21E-09,7.95E-07
84.74474474,2.12E-09,7.86E-07
84.91091091,2.04E-09,7.78E-07
85.07707708,1.96E-09,7.69E-07
85.24324324,1.88E-09,7.60E-07
85.40940941,1.81E-09,7.52E-07
85.57557558,1.74E-09,7.43E-07
85.74174174,1.67E-09,7.35E-07
85.90790791,1.60E-09,7.27E-07
86.07407407,1.54E-09,7.19E-07
86.24024024,1.48E-09,7.11E-07
86.40640641,1.42E-09,7.04E-07
86.57257257,1.36E-09,6.96E-07
86.73873874,1.31E-09,6.89E-07
86.9049049,1.26E-09,6.81E-07
87.07107107,1.21E-09,6.74E-07
87.23723724,1.16E-09,6.67E-07
87.4034034,1.12E-09,6.60E-07
87.56956957,1.07E-09,6.54E-07
87.73573574,1.03E-09,6.47E-07
87.9019019,9.96E-10,6.40E-07
88.06806807,9.62E-10,6.34E-07
88.23423423,9.29E-10,6.28E-07
88.4004004,8.99E-10,6.21E-07
88.56656657,8.71E-10,6.15E-07
88.73273273,8.45E-10,6.09E-07
88.8988989,8.16E-10,6.03E-07
89.06506507,7.88E-10,5.97E-07
89.23123123,7.62E-10,5.92E-07
89.3973974,7.38E-10,5.86E-07
89.56356356,7.15E-10,5.80E-07
89.72972973,6.94E-10,5.75E-07
89.8958959,6.74E-10,5.69E-07
90.06206206,6.56E-10,5.64E-07
90.22822823,6.39E-10,5.59E-07
90.39439439,6.23E-10,5.53E-07
90.56056056,6.09E-10,5.48E-07
90.72672673,5.95E-10,5.43E-07
90.89289289,5.83E-10,5.38E-07
91.05905906,5.72E-10,5.33E-07
91.22522523,5.63E-10,5.29E-07
91.39139139,5.54E-10,5.24E-07
91.55755756,5.46E-10,5.19E-07
91.72372372,5.40E-10,5.14E-07
91.88988989,5.34E-10,5.10E-07
92.05605606,5.30E-10,5.05E-07
92.22222222,5.26E-10,5.01E-07
92.38838839,5.23E-10,4.97E-07
92.55455455,5.21E-10,4.92E-07
92.72072072,5.19E-10,4.88E-07
92.88688689,5.19E-10,4.84E-07
93.05305305,5.19E-10,4.80E-07
93.21921922,5.20E-10,4.76E-07
93.38538539,5.05E-10,4.72E-07
93.55155155,4.71E-10,4.68E-07
93.71771772,4.37E-10,4.64E-07
93.88388388,4.03E-10,4.60E-07
94.05005005,3.71E-10,4.56E-07
94.21621622,3.38E-10,4.52E-07
94.38238238,3.07E-10,4.49E-07
94.54854855,2.76E-10,4.45E-07
94.71471471,2.46E-10,4.42E-07
94.88088088,2.16E-10,4.38E-07
95.04704705,1.87E-10,4.35E-07
95.21321321,1.59E-10,4.31E-07
95.37937938,1.32E-10,4.28E-07
95.54554555,1.05E-10,4.24E-07
95.71171171,7.83E-11,4.21E-07
95.87787788,5.25E-11,4.18E-07
96.04404404,2.75E-11,4.15E-07
96.21021021,3.05E-12,4.12E-07
96.37637638,-2.07E-11,4.09E-07
96.54254254,-4.39E-11,4.05E-07
96.70870871,-6.64E-11,4.03E-07
96.87487487,-8.83E-11,4.00E-07
97.04104104,-1.10E-10,3.97E-07
97.20720721,-1.30E-10,3.94E-07
97.37337337,-1.50E-10,3.91E-07
97.53953954,-1.69E-10,3.88E-07
97.70570571,-1.88E-10,3.86E-07
97.87187187,-2.06E-10,3.83E-07
98.03803804,-2.23E-10,3.80E-07
98.2042042,-2.40E-10,3.78E-07
98.37037037,-2.56E-10,3.75E-07
98.53653654,-2.72E-10,3.73E-07
98.7027027,-2.87E-10,3.70E-07
98.86886887,-3.01E-10,3.68E-07
99.03503504,-3.14E-10,3.65E-07
99.2012012,-3.27E-10,3.63E-07
99.36736737,-3.40E-10,3.61E-07
99.53353353,-3.51E-10,3.58E-07
99.6996997,-3.62E-10,3.56E-07
99.86586587,-3.73E-10,3.54E-07
100.032032,-3.82E-10,3.52E-07
100.1981982,-3.91E-10,3.50E-07
100.3643644,-4.00E-10,3.48E-07
100.5305305,-4.08E-10,3.45E-07
100.6966967,-4.15E-10,3.43E-07
100.8628629,-4.21E-10,3.41E-07
101.029029,-4.27E-10,3.39E-07
101.1951952,-4.32E-10,3.37E-07
101.3613614,-4.37E-10,3.35E-07
101.5275275,-4.41E-10,3.33E-07
101.6936937,-4.44E-10,3.32E-07
101.8598599,-4.47E-10,3.30E-07
102.026026,-4.49E-10,3.28E-07
102.1921922,-4.50E-10,3.26E-07
102.3583584,-4.51E-10,3.24E-07
102.5245245,-4.51E-10,3.22E-07
102.6906907,-4.51E-10,3.21E-07
102.8568569,-4.50E-10,3.19E-07
103.023023,-4.48E-10,3.17E-07
103.1891892,-4.45E-10,3.15E-07
103.3553554,-4.42E-10,3.14E-07
103.5215215,-4.39E-10,3.12E-07
103.6876877,-4.34E-10,3.10E-07
103.8538539,-4.29E-10,3.09E-07
104.02002,-4.24E-10,3.07E-07
104.1861862,-4.17E-10,3.06E-07
104.3523524,-4.10E-10,3.04E-07
104.5185185,-4.03E-10,3.03E-07
104.6846847,-3.95E-10,3.01E-07
104.8508509,-3.86E-10,3.00E-07
105.017017,-3.76E-10,2.99E-07
105.1831832,-3.66E-10,2.97E-07
105.3493493,-3.55E-10,2.96E-07
105.5155155,-3.44E-10,2.94E-07
105.6816817,-3.32E-10,2.93E-07
105.8478478,-3.19E-10,2.92E-07
106.014014,-3.06E-10,2.90E-07
106.1801802,-2.92E-10,2.89E-07
106.3463463,-2.77E-10,2.88E-07
106.5125125,-2.62E-10,2.87E-07
106.6786787,-2.46E-10,2.85E-07
106.8448448,-2.30E-10,2.84E-07
107.011011,-2.13E-10,2.83E-07
107.1771772,-1.95E-10,2.82E-07
107.3433433,-1.76E-10,2.81E-07
107.5095095,-1.57E-10,2.79E-07
107.6756757,-1.38E-10,2.78E-07
107.8418418,-1.17E-10,2.77E-07
108.008008,-9.63E-11,2.76E-07
108.1741742,-7.47E-11,2.75E-07
108.3403403,-6.16E-11,2.74E-07
108.5065065,-6.42E-11,2.72E-07
108.6726727,-6.67E-11,2.71E-07
108.8388388,-6.91E-11,2.70E-07
109.005005,-7.14E-11,2.69E-07
109.1711712,-7.36E-11,2.68E-07
109.3373373,-7.58E-11,2.67E-07
109.5035035,-7.79E-11,2.66E-07
109.6696697,-7.98E-11,2.65E-07
109.8358358,-8.17E-11,2.64E-07
110.002002,-8.35E-11,2.63E-07
110.1681682,-8.53E-11,2.62E-07
110.3343343,-8.69E-11,2.61E-07
110.5005005,-8.85E-11,2.60E-07
110.6666667,-8.99E-11,2.60E-07
110.8328328,-9.13E-11,2.59E-07
110.998999,-9.26E-11,2.58E-07
111.1651652,-9.38E-11,2.57E-07
111.3313313,-9.50E-11,2.56E-07
111.4974975,-9.60E-11,2.55E-07
111.6636637,-9.70E-11,2.54E-07
111.8298298,-9.79E-11,2.54E-07
111.995996,-9.87E-11,2.53E-07
112.1621622,-9.94E-11,2.52E-07
112.3283283,-1.00E-10,2.51E-07
112.4944945,-1.01E-10,2.51E-07
112.6606607,-1.01E-10,2.50E-07
112.8268268,-1.01E-10,2.49E-07
112.992993,-1.02E-10,2.48E-07
113.1591592,-1.02E-10,2.48E-07
113.3253253,-1.02E-10,2.47E-07
113.4914915,-1.02E-10,2.46E-07
113.6576577,-1.02E-10,2.46E-07
113.8238238,-1.02E-10,2.45E-07
113.98999,-1.02E-10,2.44E-07
114.1561562,-1.01E-10,2.44E-07
114.3223223,-1.01E-10,2.43E-07
114.4884885,-1.00E-10,2.42E-07
114.6546547,-9.99E-11,2.42E-07
114.8208208,-9.92E-11,2.41E-07
114.986987,-9.85E-11,2.40E-07
115.1531532,-9.77E-11,2.40E-07
115.3193193,-9.68E-11,2.39E-07
115.4854855,-9.58E-11,2.39E-07
115.6516517,-9.47E-11,2.38E-07
115.8178178,-9.36E-11,2.38E-07
115.983984,-9.23E-11,2.37E-07
116.1501502,-9.10E-11,2.37E-07
116.3163163,-8.96E-11,2.36E-07
116.4824825,-8.81E-11,2.36E-07
116.6486486,-8.65E-11,2.35E-07
116.8148148,-8.49E-11,2.35E-07
116.980981,-8.31E-11,2.34E-07
117.1471471,-8.13E-11,2.34E-07
117.3133133,-7.94E-11,2.33E-07
117.4794795,-7.74E-11,2.33E-07
117.6456456,-7.53E-11,2.33E-07
117.8118118,-7.32E-11,2.32E-07
117.977978,-7.09E-11,2.32E-07
118.1441441,-6.86E-11,2.31E-07
118.3103103,-6.62E-11,2.31E-07
118.4764765,-6.36E-11,2.31E-07
118.6426426,-6.11E-11,2.30E-07
118.8088088,-5.84E-11,2.30E-07
118.974975,-5.56E-11,2.30E-07
119.1411411,-5.28E-11,2.29E-07
119.3073073,-4.99E-11,2.29E-07
119.4734735,-4.68E-11,2.29E-07
119.6396396,-4.37E-11,2.28E-07
119.8058058,-4.06E-11,2.28E-07
119.971972,-3.73E-11,2.28E-07
120.1381381,-3.39E-11,2.28E-07
120.3043043,-3.05E-11,2.27E-07
120.4704705,-2.70E-11,2.27E-07
120.6366366,-2.34E-11,2.27E-07
120.8028028,-1.97E-11,2.27E-07
120.968969,-1.59E-11,2.26E-07
121.1351351,-1.21E-11,2.26E-07
121.3013013,-8.13E-12,2.26E-07
121.4674675,-4.10E-12,2.26E-07
121.6336336,1.14E-14,2.26E-07
121.7997998,4.21E-12,2.25E-07
121.965966,8.49E-12,2.25E-07
122.1321321,1.29E-11,2.25E-07
122.2982983,1.73E-11,2.25E-07
122.4644645,2.18E-11,2.25E-07
122.6306306,2.65E-11,2.25E-07
122.7967968,3.12E-11,2.25E-07
122.962963,3.60E-11,2.25E-07
123.1291291,4.08E-11,2.24E-07
123.2952953,4.44E-11,2.24E-07
123.4614615,4.49E-11,2.24E-07
123.6276276,4.54E-11,2.24E-07
123.7937938,4.58E-11,2.24E-07
123.95996,4.62E-11,2.24E-07
124.1261261,4.67E-11,2.24E-07
124.2922923,4.71E-11,2.24E-07
124.4584585,4.75E-11,2.24E-07
124.6246246,4.78E-11,2.24E-07
124.7907908,4.82E-11,2.24E-07
124.956957,4.85E-11,2.24E-07
125.1231231,4.89E-11,2.24E-07
125.2892893,4.92E-11,2.24E-07
125.4554555,4.95E-11,2.24E-07
125.6216216,4.98E-11,2.24E-07
125.7877878,5.01E-11,2.24E-07
125.953954,5.03E-11,2.24E-07
126.1201201,5.05E-11,2.24E-07
126.2862863,5.08E-11,2.24E-07
126.4524525,5.10E-11,2.24E-07
126.6186186,5.12E-11,2.24E-07
126.7847848,5.14E-11,2.24E-07
126.950951,5.15E-11,2.24E-07
127.1171171,5.17E-11,2.24E-07
127.2832833,5.18E-11,2.24E-07
127.4494494,5.19E-11,2.24E-07
127.6156156,5.21E-11,2.24E-07
127.7817818,5.21E-11,2.24E-07
127.9479479,5.22E-11,2.24E-07
128.1141141,5.23E-11,2.24E-07
128.2802803,5.23E-11,2.25E-07
128.4464464,5.24E-11,2.25E-07
128.6126126,5.24E-11,2.25E-07
128.7787788,5.24E-11,2.25E-07
128.9449449,5.24E-11,2.25E-07
129.1111111,5.23E-11,2.25E-07
129.2772773,5.23E-11,2.25E-07
129.4434434,5.22E-11,2.26E-07
129.6096096,5.22E-11,2.26E-07
129.7757758,5.21E-11,2.26E-07
129.9419419,5.20E-11,2.26E-07
130.1081081,5.19E-11,2.26E-07
130.2742743,5.17E-11,2.27E-07
130.4404404,5.16E-11,2.27E-07
130.6066066,5.14E-11,2.27E-07
130.7727728,5.12E-11,2.27E-07
130.9389389,5.11E-11,2.27E-07
131.1051051,5.08E-11,2.28E-07
131.2712713,5.06E-11,2.28E-07
131.4374374,5.04E-11,2.28E-07
131.6036036,5.01E-11,2.28E-07
131.7697698,4.99E-11,2.29E-07
131.9359359,4.96E-11,2.29E-07
132.1021021,4.93E-11,2.29E-07
132.2682683,4.90E-11,2.30E-07
132.4344344,4.87E-11,2.30E-07
132.6006006,4.83E-11,2.30E-07
132.7667668,4.80E-11,2.31E-07
132.9329329,4.76E-11,2.31E-07
133.0990991,4.72E-11,2.31E-07
133.2652653,4.68E-11,2.32E-07
133.4314314,4.64E-11,2.32E-07
133.5975976,4.60E-11,2.32E-07
133.7637638,4.55E-11,2.33E-07
133.9299299,4.51E-11,2.33E-07
134.0960961,4.46E-11,2.33E-07
134.2622623,4.41E-11,2.34E-07
134.4284284,4.36E-11,2.34E-07
134.5945946,4.31E-11,2.35E-07
134.7607608,4.25E-11,2.35E-07
134.9269269,4.20E-11,2.36E-07
135.0930931,4.14E-11,2.36E-07
135.2592593,4.08E-11,2.36E-07
135.4254254,4.02E-11,2.37E-07
135.5915916,3.96E-11,2.37E-07
135.7577578,3.90E-11,2.38E-07
135.9239239,3.84E-11,2.38E-07
136.0900901,3.77E-11,2.39E-07
136.2562563,3.70E-11,2.39E-07
136.4224224,3.64E-11,2.40E-07
136.5885886,3.57E-11,2.40E-07
136.7547548,3.49E-11,2.41E-07
136.9209209,3.42E-11,2.41E-07
137.0870871,3.35E-11,2.42E-07
137.2532533,3.27E-11,2.42E-07
137.4194194,3.19E-11,2.43E-07
137.5855856,3.11E-11,2.44E-07
137.7517518,3.03E-11,2.44E-07
137.9179179,2.95E-11,2.45E-07
138.0840841,2.87E-11,2.45E-07
138.2502503,2.80E-11,2.46E-07
138.4164164,2.77E-11,2.47E-07
138.5825826,2.75E-11,2.47E-07
138.7487487,2.73E-11,2.48E-07
138.9149149,2.70E-11,2.49E-07
139.0810811,2.68E-11,2.49E-07
139.2472472,2.65E-11,2.50E-07
139.4134134,2.63E-11,2.51E-07
139.5795796,2.60E-11,2.51E-07
139.7457457,2.58E-11,2.52E-07
139.9119119,2.55E-11,2.53E-07
140.0780781,2.53E-11,2.53E-07
140.2442442,2.50E-11,2.54E-07
140.4104104,2.47E-11,2.55E-07
140.5765766,2.45E-11,2.56E-07
140.7427427,2.42E-11,2.56E-07
140.9089089,2.40E-11,2.57E-07
141.0750751,2.37E-11,2.58E-07
141.2412412,2.34E-11,2.59E-07
141.4074074,2.32E-11,2.59E-07
141.5735736,2.29E-11,2.60E-07
141.7397397,2.26E-11,2.61E-07
141.9059059,2.24E-11,2.62E-07
142.0720721,2.21E-11,2.63E-07
142.2382382,2.18E-11,2.64E-07
142.4044044,2.15E-11,2.64E-07
142.5705706,2.13E-11,2.65E-07
142.7367367,2.10E-11,2.66E-07
142.9029029,2.07E-11,2.67E-07
143.0690691,2.04E-11,2.68E-07
143.2352352,2.02E-11,2.69E-07
143.4014014,1.99E-11,2.70E-07
143.5675676,1.96E-11,2.71E-07
143.7337337,1.93E-11,2.71E-07
143.8998999,1.90E-11,2.72E-07
144.0660661,1.87E-11,2.73E-07
144.2322322,1.84E-11,2.74E-07
144.3983984,1.82E-11,2.75E-07
144.5645646,1.79E-11,2.76E-07
144.7307307,1.76E-11,2.77E-07
144.8968969,1.73E-11,2.78E-07
145.0630631,1.70E-11,2.79E-07
145.2292292,1.67E-11,2.80E-07
145.3953954,1.64E-11,2.81E-07
145.5615616,1.61E-11,2.82E-07
145.7277277,1.58E-11,2.83E-07
145.8938939,1.55E-11,2.84E-07
146.0600601,1.52E-11,2.85E-07
146.2262262,1.49E-11,2.86E-07
146.3923924,1.46E-11,2.87E-07
146.5585586,1.43E-11,2.88E-07
146.7247247,1.40E-11,2.89E-07
146.8908909,1.36E-11,2.90E-07
147.0570571,1.33E-11,2.92E-07
147.2232232,1.30E-11,2.93E-07
147.3893894,1.27E-11,2.94E-07
147.5555556,1.24E-11,2.95E-07
147.7217217,1.21E-11,2.96E-07
147.8878879,1.18E-11,2.97E-07
148.0540541,1.14E-11,2.98E-07
148.2202202,1.11E-11,2.99E-07
148.3863864,1.08E-11,3.01E-07
148.5525526,1.05E-11,3.02E-07
148.7187187,1.01E-11,3.03E-07
148.8848849,9.81E-12,3.04E-07
149.0510511,9.49E-12,3.05E-07
149.2172172,9.16E-12,3.06E-07
149.3833834,8.83E-12,3.08E-07
149.5495495,8.50E-12,3.09E-07
149.7157157,8.16E-12,3.10E-07
149.8818819,7.83E-12,3.12E-07
150.048048,7.49E-12,3.13E-07
150.2142142,7.16E-12,3.14E-07
150.3803804,6.82E-12,3.16E-07
150.5465465,6.48E-12,3.17E-07
150.7127127,6.14E-12,3.18E-07
150.8788789,5.79E-12,3.20E-07
151.045045,5.45E-12,3.21E-07
151.2112112,5.11E-12,3.22E-07
151.3773774,4.76E-12,3.24E-07
151.5435435,4.41E-12,3.25E-07
151.7097097,4.06E-12,3.27E-07
151.8758759,3.71E-12,3.28E-07
152.042042,3.36E-12,3.30E-07
152.2082082,3.01E-12,3.31E-07
152.3743744,2.65E-12,3.33E-07
152.5405405,2.30E-12,3.34E-07
152.7067067,1.94E-12,3.36E-07
152.8728729,1.58E-12,3.37E-07
153.039039,1.22E-12,3.39E-07
153.2052052,9.21E-13,3.40E-07
153.3713714,9.04E-13,3.42E-07
153.5375375,8.87E-13,3.43E-07
153.7037037,8.70E-13,3.45E-07
153.8698699,8.53E-13,3.47E-07
154.036036,8.36E-13,3.48E-07
154.2022022,8.19E-13,3.50E-07
154.3683684,8.02E-13,3.51E-07
154.5345345,7.85E-13,3.53E-07
154.7007007,7.68E-13,3.55E-07
154.8668669,7.51E-13,3.57E-07
155.033033,7.34E-13,3.58E-07
155.1991992,7.17E-13,3.60E-07
155.3653654,7.00E-13,3.62E-07
155.5315315,6.82E-13,3.64E-07
155.6976977,6.65E-13,3.64E-07
155.8638639,6.48E-13,3.63E-07
156.03003,6.31E-13,3.60E-07
156.1961962,6.14E-13,3.54E-07
156.3623624,5.97E-13,3.44E-07
156.5285285,5.80E-13,3.29E-07
156.6946947,5.63E-13,3.14E-07
156.8608609,5.46E-13,2.99E-07
157.027027,5.29E-13,2.81E-07
157.1931932,5.12E-13,2.62E-07
157.3593594,4.95E-13,2.42E-07
157.5255255,4.78E-13,2.23E-07
157.6916917,4.61E-13,2.03E-07
157.8578579,4.44E-13,1.83E-07
158.024024,4.27E-13,1.63E-07
158.1901902,4.10E-13,1.44E-07
158.3563564,3.93E-13,1.27E-07
158.5225225,3.76E-13,1.10E-07
158.6886887,3.59E-13,9.59E-08
158.8548549,3.42E-13,8.34E-08
159.021021,3.25E-13,7.41E-08
159.1871872,3.08E-13,6.91E-08
159.3533534,2.91E-13,6.95E-08
159.5195195,2.74E-13,7.54E-08
159.6856857,2.57E-13,8.63E-08
159.8518519,2.40E-13,1.01E-07
160.018018,2.23E-13,1.17E-07
160.1841842,2.06E-13,1.28E-07
160.3503504,1.89E-13,1.34E-07
160.5165165,1.72E-13,1.40E-07
160.6826827,1.55E-13,1.46E-07
160.8488488,1.38E-13,1.42E-07
161.015015,1.21E-13,1.38E-07
161.1811812,1.03E-13,1.34E-07
161.3473473,8.65E-14,1.28E-07
161.5135135,6.94E-14,1.19E-07
161.6796797,5.24E-14,1.11E-07
161.8458458,3.54E-14,1.03E-07
162.012012,1.83E-14,9.73E-08
162.1781782,1.31E-15,9.19E-08
162.3443443,-1.57E-14,8.64E-08
162.5105105,-3.27E-14,8.09E-08
162.6766767,-4.98E-14,7.54E-08
162.8428428,-6.68E-14,6.99E-08
163.009009,-8.38E-14,6.44E-08
163.1751752,-1.01E-13,5.90E-08
163.3413413,-1.18E-13,5.35E-08
163.5075075,-1.35E-13,4.80E-08
163.6736737,-1.52E-13,4.25E-08
163.8398398,-1.69E-13,3.70E-08
164.006006,-1.86E-13,3.15E-08
164.1721722,-2.03E-13,2.95E-08
164.3383383,-2.20E-13,2.75E-08
164.5045045,-2.37E-13,2.55E-08
164.6706707,-2.54E-13,2.35E-08
164.8368368,-2.71E-13,2.14E-08
165.003003,-2.88E-13,1.94E-08
165.1691692,-3.05E-13,1.74E-08
165.3353353,-3.22E-13,1.54E-08
165.5015015,-3.39E-13,1.34E-08
165.6676677,-3.56E-13,1.13E-08
165.8338338,-3.73E-13,9.31E-09
166,-3.90E-13,7.29E-09
